{"working_dir":null,"default_chunk_options":{"error":false,"tutorial":true,"echo":false,"message":false,"warning":false},"chunk_definitions":[{"row":19,"row_count":1,"visible":true,"expansion_state":0,"options":{"engine":"r","label":"setup","include":false},"document_id":"647EF106","chunk_id":"csetup_chunk","chunk_label":"setup"},{"row":38,"row_count":1,"visible":true,"expansion_state":0,"options":{"engine":"r","label":"unnamed-chunk-6"},"document_id":"647EF106","chunk_id":"clck16nrn6xf7","chunk_label":"unnamed-chunk-1"}],"doc_write_time":1658885244}